{
    "type": "application",
    "source-directories": [
        "src"
    ],
    "elm-version": "0.19.1",
    "dependencies": {
        "direct": {
            "elm/browser": "1.0.0",
            "elm/core": "1.0.0",
            "elm/html": "1.0.0",
            "elm/http": "1.0.0",
            "elm/json": "1.0.0",
            "elm/parser": "1.1.0",
            "elm/regex": "1.0.0",
            "elm/time": "1.0.0",
            "elm/url": "1.0.0",
            "rtfeldman/elm-iso8601-date-strings": "1.1.2",
            "NoRedInk/elm-json-decode-pipeline": "1.0.0",
            "justinmimbs/time-extra": "1.1.0"
        },
        "indirect": {
            "elm/virtual-dom": "1.0.0",
            "elm/random": "1.0.0",
            "justinmimbs/date": "3.2.0"
        }
    },
    "test-dependencies": {
        "direct": {
            "elm-explorations/test": "1.0.0"
        },
        "indirect": {}
    }
}
